session_id,src_ip,start,end,duration,cmd_count,unique_cmds,downloads,reward
68f4d3a2fd47e0aa10c84117,1.2.3.4,,,0,0,0,0,0.0
68f4dcdd1f21559d39a3732f,1.2.3.4,,,0,0,0,0,0.0
68f607bbb10cf72b09c6787d,1.2.3.4,,,0,0,0,0,0.0
68f720ab2c0f081e0b60fb58,1.2.3.4,,,0,0,0,0,0.0
68f8c5e2f6603c4190887d16,1.2.3.4,,,0,0,0,0,0.0
68f8d999f1957c49fbdaa6d7,1.2.3.4,,,0,0,0,0,0.0
68fa0f01bdf695095237e60d,1.2.3.4,,,0,0,0,0,0.0
68fafd797922d478063aa107,1.2.3.4,,,0,0,0,0,0.0
68fdce1019504c4557a4f112,1.2.3.4,,,0,0,0,0,0.0
68fef6ebabeb03ae73cc608f,1.2.3.4,,,0,0,0,0,0.0
51.76.16.12-1761540138-90,51.76.16.12,,,0,5,1,0,0.4
136.161.37.173-1761540111-45,136.161.37.173,,,0,0,0,0,0.0
2.153.172.32-1761540114-294,2.153.172.32,,,0,0,0,5,0.0
89.4.113.192-1761540138-98,89.4.113.192,,,0,5,1,5,0.4
76.104.224.64-1761540143-463,76.104.224.64,,,0,0,0,0,0.0
103.239.169.218-1761540138-92,103.239.169.218,,,0,0,0,0,0.0
145.25.118.221-1761540139-166,145.25.118.221,,,0,5,1,0,0.4
206.237.98.109-1761540142-388,206.237.98.109,,,0,5,1,5,0.4
193.219.233.245-1761540142-409,193.219.233.245,,,0,5,1,0,0.4
223.49.79.76-1761540138-52,223.49.79.76,,,0,5,1,0,0.4
28.155.11.102-1761540111-18,28.155.11.102,,,0,0,0,0,0.0
194.4.173.103-1761540137-23,194.4.173.103,,,0,5,1,5,0.4
43.146.205.83-1761540116-426,43.146.205.83,,,0,5,1,0,0.4
2.40.215.8-1761540143-471,2.40.215.8,,,0,0,0,0,0.0
170.157.200.199-1761540114-275,170.157.200.199,,,0,5,1,0,0.4
146.170.89.176-1761540111-43,146.170.89.176,,,0,0,0,5,0.0
195.253.231.1-1761540142-412,195.253.231.1,,,0,5,1,0,0.4
4.111.133.170-1761540113-209,4.111.133.170,,,0,5,1,0,0.4
98.4.17.99-1761540141-336,98.4.17.99,,,0,0,0,0,0.0
160.208.49.212-1761540112-124,160.208.49.212,,,0,5,1,0,0.4
95.191.234.171-1761540112-147,95.191.234.171,,,0,5,1,0,0.4
36.148.27.102-1761540113-167,36.148.27.102,,,0,5,1,5,0.4
18.109.170.229-1761540115-383,18.109.170.229,,,0,0,0,0,0.0
94.86.130.211-1761540137-37,94.86.130.211,,,0,5,1,0,0.4
73.104.107.30-1761540137-2,73.104.107.30,,,0,5,1,0,0.4
20.123.59.2-1761540142-387,20.123.59.2,,,0,5,1,0,0.4
133.8.18.169-1761540114-258,133.8.18.169,,,0,0,0,0,0.0
55.58.208.65-1761540140-240,55.58.208.65,,,0,5,1,0,0.4
71.25.29.233-1761540113-238,71.25.29.233,,,0,5,1,5,0.4
27.148.13.132-1761540139-163,27.148.13.132,,,0,5,1,0,0.4
93.209.251.249-1761540113-185,93.209.251.249,,,0,5,1,5,0.4
206.3.245.48-1761540116-470,206.3.245.48,,,0,0,0,5,0.0
64.38.53.215-1761540116-473,64.38.53.215,,,0,5,1,5,0.4
16.6.93.2-1761540114-311,16.6.93.2,,,0,5,1,0,0.4
197.67.54.198-1761540143-448,197.67.54.198,,,0,0,0,0,0.0
180.9.249.193-1761540117-489,180.9.249.193,,,0,5,1,0,0.4
202.108.5.93-1761540114-307,202.108.5.93,,,0,5,1,0,0.4
101.95.72.35-1761540114-283,101.95.72.35,,,0,0,0,0,0.0
45.237.137.200-1761540143-491,45.237.137.200,,,0,5,1,0,0.4
211.137.238.16-1761540141-313,211.137.238.16,,,0,5,1,0,0.4
73.247.192.224-1761540143-455,73.247.192.224,,,0,0,0,5,0.0
123.73.82.182-1761540115-380,123.73.82.182,,,0,0,0,0,0.0
127.206.20.131-1761540114-288,127.206.20.131,,,0,5,1,5,0.4
74.242.178.241-1761540141-346,74.242.178.241,,,0,5,1,0,0.4
176.201.129.106-1761540140-238,176.201.129.106,,,0,0,0,0,0.0
186.1.33.20-1761540110-9,186.1.33.20,,,0,5,1,0,0.4
83.209.132.125-1761540142-400,83.209.132.125,,,0,5,1,0,0.4
4.107.110.63-1761540138-84,4.107.110.63,,,0,5,1,0,0.4
220.224.84.47-1761540112-161,220.224.84.47,,,0,5,1,0,0.4
12.236.40.206-1761540141-330,12.236.40.206,,,0,0,0,0,0.0
198.158.56.67-1761540141-309,198.158.56.67,,,0,5,1,5,0.4
81.146.83.18-1761540138-71,81.146.83.18,,,0,5,1,5,0.4
165.254.134.20-1761540139-158,165.254.134.20,,,0,0,0,0,0.0
121.135.136.79-1761540115-347,121.135.136.79,,,0,5,1,5,0.4
151.169.154.25-1761540113-179,151.169.154.25,,,0,0,0,0,0.0
72.126.240.33-1761540112-113,72.126.240.33,,,0,5,1,0,0.4
71.112.205.229-1761540141-284,71.112.205.229,,,0,0,0,0,0.0
139.235.9.15-1761540141-311,139.235.9.15,,,0,5,1,5,0.4
106.61.78.237-1761540112-129,106.61.78.237,,,0,5,1,5,0.4
28.85.95.140-1761540116-474,28.85.95.140,,,0,5,1,5,0.4
217.89.12.22-1761540139-126,217.89.12.22,,,0,0,0,0,0.0
150.168.82.167-1761540116-454,150.168.82.167,,,0,5,1,5,0.4
14.58.104.14-1761540112-160,14.58.104.14,,,0,5,1,0,0.4
184.146.250.190-1761540141-280,184.146.250.190,,,0,5,1,0,0.4
90.167.238.201-1761540111-66,90.167.238.201,,,0,5,1,0,0.4
69.20.19.41-1761540143-477,69.20.19.41,,,0,5,1,0,0.4
106.69.174.126-1761540115-401,106.69.174.126,,,0,5,1,0,0.4
122.209.191.196-1761540139-170,122.209.191.196,,,0,0,0,0,0.0
165.194.3.210-1761540138-91,165.194.3.210,,,0,0,0,0,0.0
208.190.29.211-1761540116-418,208.190.29.211,,,0,5,1,0,0.4
209.83.234.217-1761540138-73,209.83.234.217,,,0,5,1,0,0.4
212.52.53.123-1761540139-143,212.52.53.123,,,0,5,1,0,0.4
164.68.28.161-1761540110-12,164.68.28.161,,,0,0,0,0,0.0
76.33.219.161-1761540113-193,76.33.219.161,,,0,5,1,0,0.4
203.5.44.254-1761540113-175,203.5.44.254,,,0,5,1,5,0.4
33.91.162.43-1761540139-144,33.91.162.43,,,0,5,1,5,0.4
173.153.50.163-1761540117-500,173.153.50.163,,,0,5,1,5,0.4
36.44.206.146-1761540140-203,36.44.206.146,,,0,0,0,0,0.0
175.64.158.121-1761540141-326,175.64.158.121,,,0,5,1,5,0.4
74.135.173.103-1761540143-449,74.135.173.103,,,0,5,1,5,0.4
123.98.13.24-1761540111-21,123.98.13.24,,,0,5,1,5,0.4
188.0.112.122-1761540113-231,188.0.112.122,,,0,5,1,0,0.4
23.229.17.81-1761540141-312,23.229.17.81,,,0,0,0,0,0.0
82.75.234.12-1761540114-320,82.75.234.12,,,0,5,1,0,0.4
30.55.191.26-1761540142-393,30.55.191.26,,,0,5,1,0,0.4
211.14.228.157-1761540140-198,211.14.228.157,,,0,5,1,0,0.4
133.203.148.12-1761540139-120,133.203.148.12,,,0,0,0,0,0.0
134.101.223.149-1761540141-325,134.101.223.149,,,0,5,1,0,0.4
42.78.100.128-1761540138-88,42.78.100.128,,,0,0,0,5,0.0
147.206.12.141-1761540139-159,147.206.12.141,,,0,5,1,5,0.4
164.211.0.169-1761540116-471,164.211.0.169,,,0,0,0,0,0.0
38.153.21.35-1761540116-480,38.153.21.35,,,0,5,1,5,0.4
87.73.123.206-1761540137-34,87.73.123.206,,,0,5,1,5,0.4
83.161.206.104-1761540111-23,83.161.206.104,,,0,5,1,5,0.4
77.194.154.136-1761540116-406,77.194.154.136,,,0,5,1,5,0.4
48.20.172.69-1761540142-362,48.20.172.69,,,0,5,1,5,0.4
70.32.153.224-1761540142-413,70.32.153.224,,,0,0,0,0,0.0
178.238.251.36-1761540111-74,178.238.251.36,,,0,5,1,0,0.4
116.190.63.83-1761540113-168,116.190.63.83,,,0,0,0,5,0.0
22.55.31.112-1761540112-100,22.55.31.112,,,0,0,0,5,0.0
165.213.78.198-1761540141-302,165.213.78.198,,,0,0,0,0,0.0
162.247.176.51-1761540137-13,162.247.176.51,,,0,0,0,0,0.0
198.102.236.95-1761540111-76,198.102.236.95,,,0,5,1,5,0.4
189.217.89.50-1761540113-212,189.217.89.50,,,0,5,1,5,0.4
149.170.254.215-1761540115-385,149.170.254.215,,,0,0,0,5,0.0
130.152.0.120-1761540139-132,130.152.0.120,,,0,5,1,5,0.4
174.10.135.83-1761540116-408,174.10.135.83,,,0,0,0,0,0.0
139.85.223.156-1761540141-327,139.85.223.156,,,0,0,0,0,0.0
113.32.113.44-1761540137-16,113.32.113.44,,,0,5,1,0,0.4
29.15.82.205-1761540142-391,29.15.82.205,,,0,0,0,0,0.0
130.174.250.166-1761540112-127,130.174.250.166,,,0,5,1,0,0.4
145.16.76.183-1761540139-173,145.16.76.183,,,0,0,0,0,0.0
23.209.8.192-1761540115-324,23.209.8.192,,,0,5,1,5,0.4
17.5.250.149-1761540142-407,17.5.250.149,,,0,5,1,0,0.4
143.190.192.210-1761540112-146,143.190.192.210,,,0,0,0,0,0.0
207.58.183.163-1761540143-434,207.58.183.163,,,0,0,0,0,0.0
4.207.143.28-1761540138-97,4.207.143.28,,,0,5,1,0,0.4
29.56.101.202-1761540140-236,29.56.101.202,,,0,5,1,5,0.4
45.122.131.148-1761540115-345,45.122.131.148,,,0,0,0,0,0.0
169.34.0.172-1761540110-1,169.34.0.172,,,0,5,1,0,0.4
75.195.129.98-1761540141-350,75.195.129.98,,,0,5,1,5,0.4
187.132.228.195-1761540115-341,187.132.228.195,,,0,0,0,0,0.0
117.181.113.137-1761540138-74,117.181.113.137,,,0,5,1,0,0.4
133.101.232.152-1761540113-218,133.101.232.152,,,0,5,1,5,0.4
206.80.170.210-1761540138-64,206.80.170.210,,,0,5,1,0,0.4
200.93.21.138-1761540114-277,200.93.21.138,,,0,0,0,0,0.0
69.107.114.215-1761540143-443,69.107.114.215,,,0,0,0,0,0.0
209.193.134.125-1761540112-137,209.193.134.125,,,0,0,0,5,0.0
88.8.220.52-1761540140-248,88.8.220.52,,,0,5,1,0,0.4
183.139.112.149-1761540115-400,183.139.112.149,,,0,5,1,0,0.4
116.229.3.246-1761540140-212,116.229.3.246,,,0,5,1,5,0.4
139.200.24.216-1761540140-206,139.200.24.216,,,0,0,0,0,0.0
150.76.211.13-1761540140-264,150.76.211.13,,,0,0,0,0,0.0
112.137.104.3-1761540117-492,112.137.104.3,,,0,0,0,0,0.0
92.49.130.168-1761540140-194,92.49.130.168,,,0,5,1,5,0.4
134.172.139.44-1761540112-123,134.172.139.44,,,0,0,0,0,0.0
20.79.139.179-1761540137-6,20.79.139.179,,,0,5,1,5,0.4
17.65.143.14-1761540139-162,17.65.143.14,,,0,5,1,0,0.4
114.202.241.126-1761540111-71,114.202.241.126,,,0,0,0,0,0.0
113.111.6.149-1761540114-317,113.111.6.149,,,0,0,0,0,0.0
1.65.225.127-1761540141-310,1.65.225.127,,,0,0,0,0,0.0
210.231.166.243-1761540111-88,210.231.166.243,,,0,5,1,0,0.4
42.38.74.186-1761540140-193,42.38.74.186,,,0,5,1,5,0.4
175.77.39.182-1761540138-39,175.77.39.182,,,0,5,1,0,0.4
124.52.233.100-1761540137-25,124.52.233.100,,,0,0,0,0,0.0
98.71.141.133-1761540143-499,98.71.141.133,,,0,0,0,0,0.0
41.94.130.234-1761540138-53,41.94.130.234,,,0,0,0,5,0.0
196.38.151.135-1761540114-261,196.38.151.135,,,0,5,1,5,0.4
3.85.91.148-1761540114-285,3.85.91.148,,,0,0,0,0,0.0
48.10.3.124-1761540113-201,48.10.3.124,,,0,5,1,5,0.4
178.1.100.43-1761540116-443,178.1.100.43,,,0,0,0,0,0.0
53.3.219.33-1761540116-437,53.3.219.33,,,0,5,1,0,0.4
204.109.235.222-1761540141-321,204.109.235.222,,,0,5,1,0,0.4
78.206.76.223-1761540140-253,78.206.76.223,,,0,0,0,0,0.0
188.143.134.169-1761540140-263,188.143.134.169,,,0,0,0,0,0.0
91.149.54.84-1761540112-148,91.149.54.84,,,0,5,1,0,0.4
149.144.9.205-1761540114-286,149.144.9.205,,,0,0,0,0,0.0
86.187.22.65-1761540111-85,86.187.22.65,,,0,5,1,0,0.4
46.9.165.21-1761540115-384,46.9.165.21,,,0,5,1,5,0.4
203.34.72.242-1761540140-271,203.34.72.242,,,0,5,1,5,0.4
162.205.144.243-1761540143-441,162.205.144.243,,,0,5,1,0,0.4
54.127.140.214-1761540114-249,54.127.140.214,,,0,0,0,0,0.0
169.246.210.249-1761540115-388,169.246.210.249,,,0,0,0,0,0.0
124.146.108.237-1761540140-229,124.146.108.237,,,0,0,0,0,0.0
209.234.163.166-1761540110-6,209.234.163.166,,,0,0,0,0,0.0
13.91.78.145-1761540143-498,13.91.78.145,,,0,5,1,0,0.4
5.236.113.186-1761540116-428,5.236.113.186,,,0,5,1,0,0.4
161.86.217.28-1761540141-319,161.86.217.28,,,0,5,1,0,0.4
209.36.104.5-1761540142-398,209.36.104.5,,,0,5,1,0,0.4
65.105.247.179-1761540115-397,65.105.247.179,,,0,5,1,0,0.4
58.113.186.203-1761540142-369,58.113.186.203,,,0,0,0,0,0.0
690084db307901f5707ca85b,1.2.3.4,,,0,0,0,0,0.0
52.208.186.39-1761540140-199,52.208.186.39,,,0,5,1,0,0.4
47.159.238.174-1761540141-332,47.159.238.174,,,0,5,1,0,0.4
140.18.48.134-1761540114-274,140.18.48.134,,,0,0,0,0,0.0
61.230.130.21-1761540113-192,61.230.130.21,,,0,5,1,0,0.4
155.128.37.73-1761540111-47,155.128.37.73,,,0,0,0,5,0.0
94.94.169.133-1761540114-264,94.94.169.133,,,0,5,1,0,0.4
147.244.75.178-1761540137-19,147.244.75.178,,,0,0,0,0,0.0
66.4.233.195-1761540112-92,66.4.233.195,,,0,0,0,0,0.0
171.244.228.113-1761540137-10,171.244.228.113,,,0,0,0,0,0.0
77.32.41.13-1761540143-468,77.32.41.13,,,0,5,1,0,0.4
29.146.136.66-1761540141-333,29.146.136.66,,,0,5,1,0,0.4
171.85.159.122-1761540142-385,171.85.159.122,,,0,5,1,0,0.4
38.253.226.215-1761540137-14,38.253.226.215,,,0,5,1,5,0.4
40.88.138.216-1761540138-55,40.88.138.216,,,0,0,0,0,0.0
117.12.121.232-1761540141-294,117.12.121.232,,,0,0,0,0,0.0
66.241.147.46-1761540143-490,66.241.147.46,,,0,5,1,0,0.4
62.79.65.19-1761540115-393,62.79.65.19,,,0,5,1,5,0.4
122.122.156.44-1761540139-152,122.122.156.44,,,0,5,1,0,0.4
151.187.49.110-1761540116-427,151.187.49.110,,,0,0,0,0,0.0
98.177.246.144-1761540137-21,98.177.246.144,,,0,0,0,5,0.0
61.246.1.191-1761540140-195,61.246.1.191,,,0,5,1,0,0.4
202.132.152.215-1761540139-190,202.132.152.215,,,0,0,0,0,0.0
106.15.100.57-1761540113-225,106.15.100.57,,,0,5,1,0,0.4
82.85.114.56-1761540113-241,82.85.114.56,,,0,5,1,0,0.4
62.98.206.223-1761540113-226,62.98.206.223,,,0,5,1,0,0.4
152.129.206.181-1761540116-430,152.129.206.181,,,0,5,1,0,0.4
180.248.99.18-1761540137-24,180.248.99.18,,,0,5,1,0,0.4
72.172.16.193-1761540113-176,72.172.16.193,,,0,0,0,0,0.0
21.45.232.96-1761540140-215,21.45.232.96,,,0,5,1,0,0.4
89.92.147.20-1761540116-440,89.92.147.20,,,0,5,1,5,0.4
79.46.138.149-1761540140-209,79.46.138.149,,,0,5,1,0,0.4
180.227.11.230-1761540116-410,180.227.11.230,,,0,5,1,5,0.4
85.111.51.167-1761540111-41,85.111.51.167,,,0,5,1,5,0.4
52.45.61.160-1761540141-295,52.45.61.160,,,0,0,0,0,0.0
50.250.233.199-1761540113-205,50.250.233.199,,,0,5,1,5,0.4
81.30.205.104-1761540114-301,81.30.205.104,,,0,5,1,0,0.4
111.34.100.177-1761540115-339,111.34.100.177,,,0,0,0,0,0.0
14.29.44.111-1761540113-190,14.29.44.111,,,0,0,0,0,0.0
1.169.171.250-1761540137-30,1.169.171.250,,,0,5,1,0,0.4
201.234.188.165-1761540139-161,201.234.188.165,,,0,5,1,0,0.4
9.17.250.34-1761540111-87,9.17.250.34,,,0,5,1,5,0.4
130.75.76.120-1761540142-377,130.75.76.120,,,0,0,0,5,0.0
216.85.101.178-1761540111-36,216.85.101.178,,,0,0,0,0,0.0
194.250.213.160-1761540110-4,194.250.213.160,,,0,5,1,0,0.4
202.182.70.47-1761540142-415,202.182.70.47,,,0,5,1,5,0.4
199.116.204.246-1761540115-391,199.116.204.246,,,0,0,0,0,0.0
71.36.251.236-1761540113-202,71.36.251.236,,,0,0,0,0,0.0
68.105.141.181-1761540112-152,68.105.141.181,,,0,5,1,0,0.4
209.245.75.58-1761540137-26,209.245.75.58,,,0,0,0,0,0.0
105.235.245.117-1761540141-322,105.235.245.117,,,0,0,0,0,0.0
211.203.204.14-1761540111-27,211.203.204.14,,,0,5,1,5,0.4
118.145.247.19-1761540112-134,118.145.247.19,,,0,5,1,5,0.4
173.208.13.133-1761540138-70,173.208.13.133,,,0,5,1,5,0.4
120.205.172.104-1761540112-149,120.205.172.104,,,0,0,0,0,0.0
54.98.50.191-1761540112-154,54.98.50.191,,,0,5,1,5,0.4
6.19.211.176-1761540114-281,6.19.211.176,,,0,5,1,5,0.4
220.52.246.192-1761540138-101,220.52.246.192,,,0,0,0,0,0.0
37.13.144.93-1761540113-240,37.13.144.93,,,0,0,0,0,0.0
6.55.8.155-1761540143-466,6.55.8.155,,,0,5,1,0,0.4
149.187.249.200-1761540114-300,149.187.249.200,,,0,5,1,5,0.4
77.78.245.113-1761540116-458,77.78.245.113,,,0,0,0,0,0.0
182.163.141.115-1761540110-2,182.163.141.115,,,0,5,1,0,0.4
212.135.60.3-1761540112-115,212.135.60.3,,,0,0,0,0,0.0
76.146.11.137-1761540141-276,76.146.11.137,,,0,5,1,0,0.4
158.124.234.130-1761540139-125,158.124.234.130,,,0,5,1,5,0.4
157.103.41.118-1761540138-96,157.103.41.118,,,0,5,1,0,0.4
202.68.127.18-1761540112-145,202.68.127.18,,,0,0,0,0,0.0
147.116.50.53-1761540115-398,147.116.50.53,,,0,0,0,0,0.0
166.20.115.165-1761540111-44,166.20.115.165,,,0,0,0,0,0.0
5.66.149.113-1761540113-174,5.66.149.113,,,0,5,1,5,0.4
212.206.223.237-1761540143-433,212.206.223.237,,,0,0,0,0,0.0
203.108.134.28-1761540142-423,203.108.134.28,,,0,0,0,0,0.0
192.185.127.64-1761540139-127,192.185.127.64,,,0,5,1,0,0.4
210.7.231.118-1761540112-153,210.7.231.118,,,0,5,1,0,0.4
50.201.84.112-1761540142-356,50.201.84.112,,,0,0,0,0,0.0
67.19.139.203-1761540114-257,67.19.139.203,,,0,0,0,0,0.0
141.13.115.120-1761540113-211,141.13.115.120,,,0,0,0,0,0.0
8.247.20.212-1761540113-184,8.247.20.212,,,0,0,0,0,0.0
180.45.98.3-1761540140-265,180.45.98.3,,,0,0,0,0,0.0
80.163.64.233-1761540113-237,80.163.64.233,,,0,0,0,0,0.0
114.161.27.72-1761540143-438,114.161.27.72,,,0,5,1,5,0.4
148.166.242.6-1761540110-8,148.166.242.6,,,0,5,1,5,0.4
222.150.168.39-1761540138-47,222.150.168.39,,,0,5,1,5,0.4
208.65.65.231-1761540138-75,208.65.65.231,,,0,0,0,0,0.0
178.130.104.180-1761540139-167,178.130.104.180,,,0,5,1,5,0.4
87.55.119.37-1761540117-497,87.55.119.37,,,0,0,0,0,0.0
155.116.4.211-1761540115-357,155.116.4.211,,,0,5,1,0,0.4
48.113.255.247-1761540139-189,48.113.255.247,,,0,5,1,5,0.4
139.208.7.228-1761540114-246,139.208.7.228,,,0,5,1,0,0.4
33.124.176.157-1761540114-284,33.124.176.157,,,0,0,0,0,0.0
196.63.30.120-1761540141-297,196.63.30.120,,,0,5,1,0,0.4
100.119.247.53-1761540139-134,100.119.247.53,,,0,5,1,0,0.4
163.254.124.101-1761540114-293,163.254.124.101,,,0,5,1,5,0.4
33.162.130.89-1761540114-309,33.162.130.89,,,0,0,0,0,0.0
6.244.149.215-1761540139-128,6.244.149.215,,,0,0,0,0,0.0
9.128.46.114-1761540138-94,9.128.46.114,,,0,0,0,0,0.0
49.239.51.6-1761540140-272,49.239.51.6,,,0,0,0,0,0.0
156.181.145.2-1761540141-299,156.181.145.2,,,0,5,1,5,0.4
71.185.10.159-1761540110-11,71.185.10.159,,,0,0,0,0,0.0
71.25.211.229-1761540116-457,71.25.211.229,,,0,5,1,0,0.4
10.213.217.245-1761540115-327,10.213.217.245,,,0,5,1,5,0.4
142.56.224.131-1761540138-76,142.56.224.131,,,0,0,0,0,0.0
205.76.206.205-1761540143-447,205.76.206.205,,,0,5,1,5,0.4
171.216.55.204-1761540141-320,171.216.55.204,,,0,5,1,0,0.4
92.238.167.203-1761540142-394,92.238.167.203,,,0,5,1,0,0.4
220.43.219.217-1761540138-99,220.43.219.217,,,0,0,0,0,0.0
58.90.136.32-1761540113-172,58.90.136.32,,,0,5,1,0,0.4
62.43.139.176-1761540142-426,62.43.139.176,,,0,5,1,0,0.4
17.217.56.60-1761540143-492,17.217.56.60,,,0,5,1,0,0.4
111.43.35.46-1761540114-267,111.43.35.46,,,0,5,1,0,0.4
223.80.104.125-1761540116-456,223.80.104.125,,,0,5,1,0,0.4
219.208.34.193-1761540142-380,219.208.34.193,,,0,5,1,0,0.4
99.67.142.120-1761540111-31,99.67.142.120,,,0,5,1,5,0.4
173.251.244.131-1761540142-416,173.251.244.131,,,0,0,0,0,0.0
144.32.48.216-1761540137-20,144.32.48.216,,,0,5,1,0,0.4
103.232.189.41-1761540111-15,103.232.189.41,,,0,0,0,0,0.0
33.245.27.128-1761540111-17,33.245.27.128,,,0,0,0,0,0.0
121.63.66.109-1761540112-155,121.63.66.109,,,0,5,1,5,0.4
113.132.74.149-1761540116-466,113.132.74.149,,,0,5,1,5,0.4
204.8.241.101-1761540143-430,204.8.241.101,,,0,5,1,0,0.4
197.124.68.167-1761540114-312,197.124.68.167,,,0,5,1,0,0.4
61.78.161.17-1761540112-94,61.78.161.17,,,0,5,1,0,0.4
218.93.10.143-1761540140-213,218.93.10.143,,,0,0,0,0,0.0
85.49.33.202-1761540143-489,85.49.33.202,,,0,5,1,5,0.4
32.207.1.115-1761540141-331,32.207.1.115,,,0,0,0,0,0.0
144.250.179.44-1761540115-379,144.250.179.44,,,0,0,0,0,0.0
56.11.219.60-1761540115-367,56.11.219.60,,,0,5,1,5,0.4
172.20.217.81-1761540139-142,172.20.217.81,,,0,0,0,0,0.0
71.7.20.38-1761540139-141,71.7.20.38,,,0,5,1,5,0.4
24.25.148.90-1761540111-84,24.25.148.90,,,0,5,1,5,0.4
137.181.137.6-1761540139-139,137.181.137.6,,,0,0,0,5,0.0
127.85.220.75-1761540141-282,127.85.220.75,,,0,5,1,0,0.4
63.183.240.142-1761540115-328,63.183.240.142,,,0,0,0,0,0.0
32.153.201.254-1761540114-271,32.153.201.254,,,0,5,1,5,0.4
21.58.188.99-1761540116-432,21.58.188.99,,,0,0,0,0,0.0
6.194.79.167-1761540113-166,6.194.79.167,,,0,5,1,0,0.4
215.250.66.216-1761540139-150,215.250.66.216,,,0,0,0,5,0.0
100.247.174.143-1761540140-218,100.247.174.143,,,0,0,0,0,0.0
86.156.3.51-1761540112-156,86.156.3.51,,,0,0,0,5,0.0
31.72.223.94-1761540117-484,31.72.223.94,,,0,5,1,5,0.4
168.103.53.230-1761540116-419,168.103.53.230,,,0,0,0,0,0.0
2.82.204.32-1761540142-417,2.82.204.32,,,0,5,1,5,0.4
211.69.207.243-1761540114-313,211.69.207.243,,,0,0,0,0,0.0
68.80.195.89-1761540142-406,68.80.195.89,,,0,5,1,0,0.4
208.112.27.6-1761540143-435,208.112.27.6,,,0,0,0,0,0.0
98.31.9.35-1761540138-42,98.31.9.35,,,0,0,0,0,0.0
1.55.52.24-1761540140-228,1.55.52.24,,,0,0,0,0,0.0
112.91.95.213-1761540117-499,112.91.95.213,,,0,0,0,5,0.0
206.69.39.241-1761540116-435,206.69.39.241,,,0,5,1,0,0.4
172.0.145.147-1761540138-69,172.0.145.147,,,0,0,0,0,0.0
220.117.242.201-1761540140-214,220.117.242.201,,,0,0,0,0,0.0
179.70.6.76-1761540114-297,179.70.6.76,,,0,5,1,0,0.4
105.27.235.237-1761540116-417,105.27.235.237,,,0,5,1,0,0.4
217.8.227.185-1761540117-487,217.8.227.185,,,0,5,1,0,0.4
62.118.192.174-1761540141-306,62.118.192.174,,,0,0,0,5,0.0
1.138.240.83-1761540142-421,1.138.240.83,,,0,5,1,0,0.4
80.10.45.101-1761540113-177,80.10.45.101,,,0,0,0,0,0.0
185.23.124.187-1761540143-439,185.23.124.187,,,0,0,0,5,0.0
58.246.118.235-1761540138-57,58.246.118.235,,,0,5,1,5,0.4
100.121.4.239-1761540117-488,100.121.4.239,,,0,5,1,0,0.4
144.67.32.172-1761540139-121,144.67.32.172,,,0,5,1,5,0.4
4.52.253.215-1761540116-442,4.52.253.215,,,0,5,1,0,0.4
43.175.255.199-1761540112-101,43.175.255.199,,,0,0,0,0,0.0
131.188.28.94-1761540116-415,131.188.28.94,,,0,0,0,0,0.0
29.207.104.244-1761540143-464,29.207.104.244,,,0,5,1,0,0.4
121.228.126.149-1761540139-164,121.228.126.149,,,0,0,0,0,0.0
189.237.41.57-1761540143-456,189.237.41.57,,,0,0,0,0,0.0
69.254.40.17-1761540139-145,69.254.40.17,,,0,0,0,0,0.0
108.75.40.124-1761540115-338,108.75.40.124,,,0,5,1,5,0.4
63.172.209.29-1761540140-210,63.172.209.29,,,0,0,0,0,0.0
54.211.104.68-1761540142-420,54.211.104.68,,,0,0,0,0,0.0
19.11.246.51-1761540112-111,19.11.246.51,,,0,5,1,0,0.4
103.253.143.187-1761540141-324,103.253.143.187,,,0,5,1,5,0.4
3.190.75.133-1761540140-208,3.190.75.133,,,0,5,1,5,0.4
92.42.19.1-1761540138-72,92.42.19.1,,,0,5,1,0,0.4
8.49.10.28-1761540138-45,8.49.10.28,,,0,5,1,0,0.4
57.23.221.138-1761540116-412,57.23.221.138,,,0,0,0,0,0.0
38.234.64.192-1761540137-22,38.234.64.192,,,0,5,1,5,0.4
4.92.217.226-1761540139-137,4.92.217.226,,,0,0,0,0,0.0
109.48.42.228-1761540138-54,109.48.42.228,,,0,5,1,0,0.4
219.18.174.1-1761540143-451,219.18.174.1,,,0,5,1,0,0.4
105.164.200.239-1761540139-185,105.164.200.239,,,0,0,0,0,0.0
163.21.47.78-1761540111-64,163.21.47.78,,,0,5,1,0,0.4
90.204.202.99-1761540140-225,90.204.202.99,,,0,0,0,5,0.0
101.239.117.250-1761540139-172,101.239.117.250,,,0,0,0,0,0.0
52.92.11.88-1761540112-89,52.92.11.88,,,0,5,1,5,0.4
217.169.79.136-1761540140-237,217.169.79.136,,,0,0,0,0,0.0
90.202.19.137-1761540116-409,90.202.19.137,,,0,0,0,0,0.0
149.105.2.212-1761540143-457,149.105.2.212,,,0,5,1,5,0.4
32.165.43.118-1761540141-273,32.165.43.118,,,0,5,1,0,0.4
88.204.30.192-1761540142-368,88.204.30.192,,,0,5,1,0,0.4
138.42.58.221-1761540111-24,138.42.58.221,,,0,0,0,0,0.0
182.65.72.199-1761540142-411,182.65.72.199,,,0,5,1,0,0.4
152.140.147.202-1761540139-181,152.140.147.202,,,0,5,1,5,0.4
174.166.153.53-1761540116-439,174.166.153.53,,,0,5,1,5,0.4
107.198.28.196-1761540112-164,107.198.28.196,,,0,5,1,0,0.4
52.129.155.18-1761540111-14,52.129.155.18,,,0,5,1,0,0.4
73.97.14.29-1761540141-349,73.97.14.29,,,0,5,1,0,0.4
182.132.66.2-1761540116-445,182.132.66.2,,,0,5,1,5,0.4
12.139.189.225-1761540111-78,12.139.189.225,,,0,5,1,0,0.4
212.254.253.86-1761540116-404,212.254.253.86,,,0,0,0,0,0.0
146.162.20.47-1761540143-465,146.162.20.47,,,0,5,1,0,0.4
24.88.128.128-1761540113-199,24.88.128.128,,,0,5,1,0,0.4
219.179.21.180-1761540116-459,219.179.21.180,,,0,5,1,5,0.4
214.79.178.61-1761540111-52,214.79.178.61,,,0,5,1,0,0.4
217.33.154.98-1761540141-301,217.33.154.98,,,0,0,0,0,0.0
30.225.91.202-1761540112-139,30.225.91.202,,,0,5,1,5,0.4
191.215.98.161-1761540143-480,191.215.98.161,,,0,0,0,0,0.0
219.167.196.203-1761540138-38,219.167.196.203,,,0,0,0,5,0.0
205.201.191.151-1761540138-62,205.201.191.151,,,0,5,1,0,0.4
13.60.238.62-1761540140-267,13.60.238.62,,,0,0,0,0,0.0
196.240.15.95-1761540115-344,196.240.15.95,,,0,5,1,0,0.4
14.129.149.77-1761540114-248,14.129.149.77,,,0,5,1,5,0.4
135.34.149.162-1761540142-363,135.34.149.162,,,0,5,1,5,0.4
100.169.101.92-1761540117-498,100.169.101.92,,,0,5,1,0,0.4
149.150.10.159-1761540116-414,149.150.10.159,,,0,0,0,0,0.0
165.179.217.136-1761540141-277,165.179.217.136,,,0,5,1,5,0.4
98.103.54.97-1761540142-404,98.103.54.97,,,0,0,0,0,0.0
53.206.168.245-1761540137-4,53.206.168.245,,,0,5,1,0,0.4
122.177.205.54-1761540141-286,122.177.205.54,,,0,5,1,5,0.4
223.80.99.213-1761540111-37,223.80.99.213,,,0,0,0,0,0.0
122.208.221.15-1761540140-233,122.208.221.15,,,0,5,1,0,0.4
90.7.19.227-1761540141-347,90.7.19.227,,,0,5,1,0,0.4
62.36.118.170-1761540116-468,62.36.118.170,,,0,5,1,5,0.4
176.140.118.26-1761540137-1,176.140.118.26,,,0,5,1,5,0.4
77.41.22.219-1761540142-370,77.41.22.219,,,0,5,1,5,0.4
105.254.223.1-1761540113-203,105.254.223.1,,,0,0,0,0,0.0
216.220.2.165-1761540112-141,216.220.2.165,,,0,0,0,0,0.0
65.205.155.223-1761540115-369,65.205.155.223,,,0,5,1,0,0.4
167.124.226.244-1761540143-436,167.124.226.244,,,0,0,0,5,0.0
170.9.177.186-1761540142-372,170.9.177.186,,,0,5,1,0,0.4
72.209.132.228-1761540143-482,72.209.132.228,,,0,0,0,5,0.0
163.211.136.149-1761540141-341,163.211.136.149,,,0,0,0,0,0.0
112.187.222.227-1761540140-224,112.187.222.227,,,0,0,0,5,0.0
90.177.168.235-1761540139-188,90.177.168.235,,,0,5,1,0,0.4
202.175.62.93-1761540138-56,202.175.62.93,,,0,0,0,0,0.0
197.198.198.191-1761540139-153,197.198.198.191,,,0,5,1,0,0.4
66.192.52.128-1761540138-100,66.192.52.128,,,0,0,0,5,0.0
105.153.137.101-1761540114-260,105.153.137.101,,,0,0,0,5,0.0
96.88.128.75-1761540142-427,96.88.128.75,,,0,5,1,5,0.4
117.203.53.176-1761540111-65,117.203.53.176,,,0,5,1,0,0.4
138.240.102.93-1761540116-407,138.240.102.93,,,0,5,1,5,0.4
193.58.10.169-1761540137-31,193.58.10.169,,,0,5,1,0,0.4
23.198.192.240-1761540116-423,23.198.192.240,,,0,0,0,0,0.0
41.103.85.19-1761540112-116,41.103.85.19,,,0,0,0,0,0.0
51.50.161.56-1761540113-214,51.50.161.56,,,0,0,0,0,0.0
200.168.103.84-1761540113-198,200.168.103.84,,,0,5,1,0,0.4
148.187.144.132-1761540111-73,148.187.144.132,,,0,5,1,5,0.4
53.125.211.108-1761540111-63,53.125.211.108,,,0,0,0,0,0.0
59.221.112.6-1761540140-235,59.221.112.6,,,0,5,1,5,0.4
112.85.104.57-1761540114-322,112.85.104.57,,,0,0,0,0,0.0
167.169.157.229-1761540111-62,167.169.157.229,,,0,5,1,0,0.4
85.158.186.158-1761540115-335,85.158.186.158,,,0,5,1,5,0.4
175.225.13.17-1761540115-340,175.225.13.17,,,0,0,0,0,0.0
41.36.84.5-1761540111-68,41.36.84.5,,,0,5,1,0,0.4
60.225.190.210-1761540140-246,60.225.190.210,,,0,5,1,5,0.4
104.0.226.194-1761540116-446,104.0.226.194,,,0,0,0,5,0.0
210.23.230.19-1761540137-17,210.23.230.19,,,0,5,1,5,0.4
71.52.122.143-1761540141-342,71.52.122.143,,,0,5,1,0,0.4
74.234.209.159-1761540113-194,74.234.209.159,,,0,5,1,5,0.4
48.217.113.165-1761540110-10,48.217.113.165,,,0,5,1,0,0.4
148.23.145.43-1761540142-381,148.23.145.43,,,0,0,0,0,0.0
197.213.137.235-1761540116-469,197.213.137.235,,,0,5,1,0,0.4
173.170.152.206-1761540139-171,173.170.152.206,,,0,0,0,0,0.0
213.224.210.90-1761540138-102,213.224.210.90,,,0,0,0,5,0.0
129.186.92.232-1761540116-465,129.186.92.232,,,0,5,1,5,0.4
216.133.192.118-1761540140-232,216.133.192.118,,,0,0,0,0,0.0
30.184.80.197-1761540138-51,30.184.80.197,,,0,0,0,0,0.0
114.251.25.213-1761540138-93,114.251.25.213,,,0,5,1,5,0.4
38.70.39.156-1761540117-486,38.70.39.156,,,0,5,1,5,0.4
112.132.126.129-1761540142-396,112.132.126.129,,,0,0,0,0,0.0
93.128.22.176-1761540113-213,93.128.22.176,,,0,5,1,0,0.4
144.169.250.223-1761540112-98,144.169.250.223,,,0,5,1,5,0.4
154.246.215.15-1761540113-233,154.246.215.15,,,0,0,0,5,0.0
37.145.193.135-1761540116-455,37.145.193.135,,,0,0,0,0,0.0
152.7.78.30-1761540117-483,152.7.78.30,,,0,5,1,5,0.4
144.123.78.25-1761540115-354,144.123.78.25,,,0,5,1,5,0.4
84.77.227.209-1761540140-202,84.77.227.209,,,0,5,1,0,0.4
131.181.221.83-1761540117-491,131.181.221.83,,,0,5,1,5,0.4
220.31.101.94-1761540139-154,220.31.101.94,,,0,5,1,5,0.4
86.9.44.231-1761540137-32,86.9.44.231,,,0,5,1,5,0.4
92.105.232.205-1761540138-40,92.105.232.205,,,0,5,1,0,0.4
150.34.151.53-1761540113-173,150.34.151.53,,,0,0,0,5,0.0
38.62.68.141-1761540140-205,38.62.68.141,,,0,5,1,0,0.4
147.35.205.32-1761540114-269,147.35.205.32,,,0,0,0,0,0.0
181.251.8.77-1761540139-130,181.251.8.77,,,0,5,1,0,0.4
58.232.173.133-1761540142-366,58.232.173.133,,,0,5,1,5,0.4
162.202.78.28-1761540111-59,162.202.78.28,,,0,5,1,5,0.4
141.219.60.11-1761540115-346,141.219.60.11,,,0,5,1,0,0.4
89.124.135.86-1761540143-450,89.124.135.86,,,0,0,0,0,0.0
119.249.38.33-1761540138-86,119.249.38.33,,,0,0,0,0,0.0
6.207.55.248-1761540138-113,6.207.55.248,,,0,5,1,0,0.4
15.194.19.19-1761540112-97,15.194.19.19,,,0,0,0,0,0.0
5.38.242.211-1761540143-495,5.38.242.211,,,0,5,1,5,0.4
65.187.3.134-1761540111-16,65.187.3.134,,,0,0,0,0,0.0
104.201.102.194-1761540115-329,104.201.102.194,,,0,5,1,0,0.4
188.169.85.200-1761540115-378,188.169.85.200,,,0,0,0,0,0.0
56.35.51.60-1761540112-163,56.35.51.60,,,0,5,1,0,0.4
121.241.227.225-1761540114-279,121.241.227.225,,,0,5,1,5,0.4
207.32.224.196-1761540142-414,207.32.224.196,,,0,0,0,0,0.0
189.42.49.210-1761540141-316,189.42.49.210,,,0,5,1,0,0.4
16.143.68.96-1761540142-390,16.143.68.96,,,0,5,1,0,0.4
70.140.209.63-1761540143-459,70.140.209.63,,,0,0,0,0,0.0
82.252.218.111-1761540114-250,82.252.218.111,,,0,5,1,0,0.4
221.29.221.53-1761540110-3,221.29.221.53,,,0,5,1,5,0.4
36.70.92.153-1761540113-215,36.70.92.153,,,0,5,1,0,0.4
132.208.13.250-1761540114-259,132.208.13.250,,,0,5,1,5,0.4
210.246.174.192-1761540113-222,210.246.174.192,,,0,0,0,0,0.0
77.232.84.136-1761540114-253,77.232.84.136,,,0,5,1,0,0.4
222.168.156.158-1761540140-211,222.168.156.158,,,0,5,1,0,0.4
143.64.200.150-1761540139-183,143.64.200.150,,,0,5,1,0,0.4
102.48.31.168-1761540113-200,102.48.31.168,,,0,5,1,0,0.4
5.74.158.67-1761540138-61,5.74.158.67,,,0,5,1,5,0.4
75.127.147.221-1761540115-363,75.127.147.221,,,0,0,0,0,0.0
190.95.183.129-1761540112-122,190.95.183.129,,,0,0,0,0,0.0
207.130.230.180-1761540140-270,207.130.230.180,,,0,0,0,0,0.0
100.235.57.247-1761540137-11,100.235.57.247,,,0,5,1,0,0.4
200.196.77.77-1761540111-86,200.196.77.77,,,0,5,1,0,0.4
30.105.54.165-1761540114-308,30.105.54.165,,,0,5,1,5,0.4
46.170.27.217-1761540115-365,46.170.27.217,,,0,5,1,5,0.4
91.180.52.204-1761540142-360,91.180.52.204,,,0,5,1,0,0.4
97.250.150.230-1761540139-191,97.250.150.230,,,0,0,0,0,0.0
49.148.142.6-1761540140-207,49.148.142.6,,,0,0,0,0,0.0
24.100.242.32-1761540141-315,24.100.242.32,,,0,0,0,5,0.0
96.182.150.88-1761540112-133,96.182.150.88,,,0,0,0,0,0.0
41.166.25.124-1761540111-79,41.166.25.124,,,0,5,1,0,0.4
61.218.154.17-1761540142-402,61.218.154.17,,,0,5,1,5,0.4
132.53.37.39-1761540116-441,132.53.37.39,,,0,5,1,0,0.4
155.70.229.225-1761540112-106,155.70.229.225,,,0,5,1,0,0.4
136.251.170.94-1761540142-399,136.251.170.94,,,0,5,1,0,0.4
166.7.74.4-1761540143-476,166.7.74.4,,,0,5,1,0,0.4
129.78.54.241-1761540117-495,129.78.54.241,,,0,5,1,0,0.4
30.248.214.17-1761540139-156,30.248.214.17,,,0,5,1,5,0.4
122.117.171.186-1761540141-307,122.117.171.186,,,0,0,0,5,0.0
44.109.91.54-1761540111-77,44.109.91.54,,,0,0,0,5,0.0
22.158.85.122-1761540116-475,22.158.85.122,,,0,5,1,5,0.4
111.120.96.82-1761540139-124,111.120.96.82,,,0,5,1,0,0.4
175.172.201.118-1761540113-183,175.172.201.118,,,0,5,1,5,0.4
147.151.60.174-1761540112-112,147.151.60.174,,,0,5,1,0,0.4
129.170.119.203-1761540139-178,129.170.119.203,,,0,0,0,0,0.0
108.125.209.172-1761540113-224,108.125.209.172,,,0,5,1,0,0.4
43.135.235.29-1761540141-338,43.135.235.29,,,0,5,1,0,0.4
180.17.131.72-1761540115-352,180.17.131.72,,,0,0,0,0,0.0
48.41.156.60-1761540137-28,48.41.156.60,,,0,0,0,0,0.0
40.40.210.192-1761540111-34,40.40.210.192,,,0,0,0,0,0.0
202.117.82.192-1761540142-365,202.117.82.192,,,0,0,0,0,0.0
67.72.113.250-1761540111-39,67.72.113.250,,,0,5,1,5,0.4
144.109.180.220-1761540138-111,144.109.180.220,,,0,0,0,0,0.0
187.118.87.80-1761540113-234,187.118.87.80,,,0,5,1,5,0.4
175.171.74.11-1761540111-40,175.171.74.11,,,0,5,1,5,0.4
124.222.240.23-1761540141-317,124.222.240.23,,,0,0,0,5,0.0
216.64.31.76-1761540143-452,216.64.31.76,,,0,5,1,0,0.4
102.48.208.168-1761540142-373,102.48.208.168,,,0,5,1,5,0.4
22.5.116.122-1761540140-226,22.5.116.122,,,0,0,0,0,0.0
138.70.55.91-1761540112-91,138.70.55.91,,,0,5,1,0,0.4
38.12.8.187-1761540113-244,38.12.8.187,,,0,5,1,5,0.4
9.38.185.241-1761540142-424,9.38.185.241,,,0,0,0,5,0.0
215.229.14.31-1761540139-116,215.229.14.31,,,0,5,1,5,0.4
92.102.192.169-1761540112-157,92.102.192.169,,,0,0,0,0,0.0
91.173.154.75-1761540114-315,91.173.154.75,,,0,0,0,0,0.0
137.179.148.5-1761540142-403,137.179.148.5,,,0,5,1,0,0.4
168.38.181.61-1761540140-269,168.38.181.61,,,0,5,1,0,0.4
222.106.117.246-1761540138-66,222.106.117.246,,,0,0,0,0,0.0
96.90.19.215-1761540140-255,96.90.19.215,,,0,0,0,0,0.0
125.156.189.101-1761540141-340,125.156.189.101,,,0,0,0,0,0.0
82.226.154.31-1761540111-50,82.226.154.31,,,0,0,0,0,0.0
137.201.66.64-1761540116-478,137.201.66.64,,,0,5,1,0,0.4
118.177.61.57-1761540114-305,118.177.61.57,,,0,0,0,5,0.0
83.149.159.161-1761540113-235,83.149.159.161,,,0,0,0,5,0.0
113.24.46.149-1761540114-323,113.24.46.149,,,0,5,1,5,0.4
22.192.164.217-1761540112-165,22.192.164.217,,,0,5,1,0,0.4
101.150.174.172-1761540112-93,101.150.174.172,,,0,0,0,0,0.0
160.106.65.138-1761540142-401,160.106.65.138,,,0,5,1,0,0.4
91.143.228.147-1761540137-36,91.143.228.147,,,0,5,1,5,0.4
95.174.65.124-1761540115-382,95.174.65.124,,,0,0,0,0,0.0
179.249.244.204-1761540141-329,179.249.244.204,,,0,5,1,5,0.4
87.233.163.103-1761540140-227,87.233.163.103,,,0,0,0,0,0.0
75.121.217.48-1761540142-382,75.121.217.48,,,0,0,0,5,0.0
4.219.105.139-1761540112-140,4.219.105.139,,,0,5,1,5,0.4
83.165.218.105-1761540111-60,83.165.218.105,,,0,5,1,5,0.4
198.227.138.82-1761540141-345,198.227.138.82,,,0,0,0,0,0.0
75.70.73.128-1761540111-49,75.70.73.128,,,0,5,1,0,0.4
186.52.244.181-1761540112-108,186.52.244.181,,,0,5,1,5,0.4
23.121.120.140-1761540142-425,23.121.120.140,,,0,5,1,0,0.4
211.80.73.119-1761540138-63,211.80.73.119,,,0,0,0,0,0.0
206.204.233.181-1761540115-374,206.204.233.181,,,0,5,1,0,0.4
85.189.219.50-1761540116-449,85.189.219.50,,,0,0,0,0,0.0
215.221.188.228-1761540143-446,215.221.188.228,,,0,0,0,0,0.0
160.7.46.157-1761540115-349,160.7.46.157,,,0,5,1,5,0.4
47.6.89.178-1761540140-242,47.6.89.178,,,0,5,1,0,0.4
39.127.94.12-1761540110-7,39.127.94.12,,,0,5,1,5,0.4
199.242.236.131-1761540111-19,199.242.236.131,,,0,5,1,0,0.4
129.218.212.101-1761540115-360,129.218.212.101,,,0,0,0,5,0.0
139.146.1.211-1761540113-186,139.146.1.211,,,0,5,1,5,0.4
132.175.181.209-1761540114-263,132.175.181.209,,,0,0,0,5,0.0
39.128.165.125-1761540142-375,39.128.165.125,,,0,5,1,5,0.4
130.38.92.115-1761540116-452,130.38.92.115,,,0,0,0,5,0.0
77.6.40.39-1761540113-208,77.6.40.39,,,0,5,1,0,0.4
222.127.32.69-1761540115-387,222.127.32.69,,,0,5,1,5,0.4
179.31.207.190-1761540114-304,179.31.207.190,,,0,0,0,5,0.0
13.70.12.9-1761540116-405,13.70.12.9,,,0,0,0,0,0.0
16.217.163.32-1761540143-445,16.217.163.32,,,0,5,1,5,0.4
120.63.112.166-1761540111-46,120.63.112.166,,,0,5,1,0,0.4
53.13.180.144-1761540143-481,53.13.180.144,,,0,5,1,5,0.4
104.147.6.231-1761540141-305,104.147.6.231,,,0,0,0,0,0.0
205.10.62.77-1761540140-230,205.10.62.77,,,0,0,0,0,0.0
83.80.47.49-1761540143-493,83.80.47.49,,,0,5,1,5,0.4
97.143.90.16-1761540138-109,97.143.90.16,,,0,5,1,5,0.4
47.235.119.153-1761540111-83,47.235.119.153,,,0,5,1,0,0.4
11.104.58.183-1761540137-33,11.104.58.183,,,0,5,1,0,0.4
156.193.72.175-1761540115-355,156.193.72.175,,,0,5,1,0,0.4
157.114.51.41-1761540143-431,157.114.51.41,,,0,5,1,5,0.4
21.82.102.69-1761540142-395,21.82.102.69,,,0,5,1,0,0.4
125.125.205.248-1761540112-136,125.125.205.248,,,0,5,1,0,0.4
177.17.131.129-1761540114-280,177.17.131.129,,,0,0,0,5,0.0
115.13.50.76-1761540137-7,115.13.50.76,,,0,5,1,0,0.4
40.143.108.38-1761540111-57,40.143.108.38,,,0,5,1,0,0.4
147.137.67.143-1761540143-478,147.137.67.143,,,0,0,0,0,0.0
26.235.95.184-1761540114-252,26.235.95.184,,,0,5,1,0,0.4
148.39.94.132-1761540114-273,148.39.94.132,,,0,0,0,5,0.0
123.19.204.14-1761540115-390,123.19.204.14,,,0,5,1,0,0.4
84.46.73.227-1761540140-257,84.46.73.227,,,0,5,1,0,0.4
12.196.31.93-1761540142-389,12.196.31.93,,,0,5,1,0,0.4
142.7.220.100-1761540142-386,142.7.220.100,,,0,5,1,0,0.4
12.203.63.191-1761540141-304,12.203.63.191,,,0,5,1,0,0.4
150.186.46.118-1761540113-221,150.186.46.118,,,0,0,0,5,0.0
63.160.64.34-1761540141-334,63.160.64.34,,,0,0,0,0,0.0
189.132.16.166-1761540113-187,189.132.16.166,,,0,5,1,5,0.4
6.120.113.94-1761540140-201,6.120.113.94,,,0,5,1,5,0.4
32.163.139.98-1761540141-274,32.163.139.98,,,0,5,1,5,0.4
130.245.106.211-1761540114-292,130.245.106.211,,,0,0,0,0,0.0
12.136.42.221-1761540111-48,12.136.42.221,,,0,5,1,5,0.4
51.186.120.49-1761540142-397,51.186.120.49,,,0,5,1,0,0.4
56.92.82.72-1761540143-437,56.92.82.72,,,0,5,1,0,0.4
186.159.82.150-1761540142-371,186.159.82.150,,,0,5,1,0,0.4
69.181.118.48-1761540113-219,69.181.118.48,,,0,0,0,0,0.0
82.240.192.10-1761540116-413,82.240.192.10,,,0,5,1,0,0.4
127.78.218.241-1761540115-326,127.78.218.241,,,0,0,0,0,0.0
97.175.147.9-1761540141-337,97.175.147.9,,,0,5,1,5,0.4
6.49.90.189-1761540139-148,6.49.90.189,,,0,5,1,0,0.4
189.36.98.187-1761540114-255,189.36.98.187,,,0,5,1,0,0.4
161.215.18.191-1761540116-429,161.215.18.191,,,0,5,1,5,0.4
87.127.12.123-1761540112-158,87.127.12.123,,,0,5,1,0,0.4
111.119.212.243-1761540117-490,111.119.212.243,,,0,0,0,5,0.0
201.175.231.167-1761540138-78,201.175.231.167,,,0,0,0,0,0.0
179.175.134.63-1761540116-463,179.175.134.63,,,0,5,1,0,0.4
32.118.218.39-1761540116-461,32.118.218.39,,,0,0,0,0,0.0
183.223.141.230-1761540143-428,183.223.141.230,,,0,5,1,0,0.4
57.191.231.141-1761540115-386,57.191.231.141,,,0,0,0,0,0.0
200.41.21.67-1761540143-440,200.41.21.67,,,0,5,1,5,0.4
215.25.39.211-1761540143-484,215.25.39.211,,,0,5,1,5,0.4
213.57.239.170-1761540116-411,213.57.239.170,,,0,5,1,5,0.4
177.26.234.151-1761540139-118,177.26.234.151,,,0,0,0,0,0.0
2.185.70.116-1761540111-56,2.185.70.116,,,0,0,0,0,0.0
51.63.155.31-1761540114-265,51.63.155.31,,,0,0,0,0,0.0
107.221.95.68-1761540141-279,107.221.95.68,,,0,0,0,0,0.0
50.33.11.236-1761540112-90,50.33.11.236,,,0,5,1,5,0.4
134.115.155.22-1761540138-83,134.115.155.22,,,0,5,1,0,0.4
206.243.82.205-1761540139-187,206.243.82.205,,,0,5,1,5,0.4
199.52.93.207-1761540114-266,199.52.93.207,,,0,5,1,0,0.4
29.74.32.176-1761540141-285,29.74.32.176,,,0,0,0,0,0.0
38.75.126.214-1761540116-464,38.75.126.214,,,0,0,0,0,0.0
165.124.96.152-1761540143-496,165.124.96.152,,,0,0,0,0,0.0
152.160.196.201-1761540142-376,152.160.196.201,,,0,0,0,0,0.0
196.33.210.75-1761540141-287,196.33.210.75,,,0,0,0,0,0.0
10.139.233.155-1761540114-291,10.139.233.155,,,0,5,1,5,0.4
149.101.101.6-1761540116-467,149.101.101.6,,,0,0,0,5,0.0
56.206.152.128-1761540113-232,56.206.152.128,,,0,5,1,0,0.4
172.200.229.132-1761540114-298,172.200.229.132,,,0,5,1,0,0.4
146.77.170.4-1761540138-67,146.77.170.4,,,0,5,1,0,0.4
102.20.167.7-1761540138-108,102.20.167.7,,,0,5,1,0,0.4
56.199.71.58-1761540116-424,56.199.71.58,,,0,5,1,0,0.4
122.27.107.170-1761540113-223,122.27.107.170,,,0,5,1,0,0.4
165.149.81.6-1761540139-155,165.149.81.6,,,0,5,1,5,0.4
36.255.168.214-1761540114-251,36.255.168.214,,,0,5,1,0,0.4
28.98.192.15-1761540139-160,28.98.192.15,,,0,5,1,5,0.4
13.58.15.85-1761540115-376,13.58.15.85,,,0,0,0,0,0.0
93.246.25.98-1761540142-364,93.246.25.98,,,0,5,1,0,0.4
4.220.178.175-1761540138-46,4.220.178.175,,,0,5,1,0,0.4
103.122.11.144-1761540114-247,103.122.11.144,,,0,0,0,0,0.0
49.158.165.69-1761540140-192,49.158.165.69,,,0,0,0,5,0.0
136.166.73.56-1761540112-142,136.166.73.56,,,0,5,1,5,0.4
157.6.57.49-1761540138-60,157.6.57.49,,,0,5,1,5,0.4
144.9.51.251-1761540143-497,144.9.51.251,,,0,0,0,0,0.0
162.235.190.21-1761540113-195,162.235.190.21,,,0,5,1,0,0.4
100.200.3.126-1761540141-281,100.200.3.126,,,0,5,1,0,0.4
159.11.26.250-1761540111-26,159.11.26.250,,,0,5,1,0,0.4
196.87.94.172-1761540141-344,196.87.94.172,,,0,0,0,0,0.0
11.123.255.165-1761540113-245,11.123.255.165,,,0,5,1,0,0.4
219.72.4.93-1761540141-339,219.72.4.93,,,0,5,1,0,0.4
28.102.115.198-1761540138-87,28.102.115.198,,,0,5,1,5,0.4
18.241.136.157-1761540116-421,18.241.136.157,,,0,5,1,5,0.4
64.204.254.96-1761540143-470,64.204.254.96,,,0,0,0,5,0.0
58.211.163.33-1761540139-165,58.211.163.33,,,0,5,1,0,0.4
24.160.91.43-1761540139-123,24.160.91.43,,,0,0,0,0,0.0
90.250.69.15-1761540138-49,90.250.69.15,,,0,0,0,0,0.0
102.147.131.29-1761540112-99,102.147.131.29,,,0,0,0,0,0.0
78.16.225.253-1761540141-292,78.16.225.253,,,0,5,1,0,0.4
64.177.248.83-1761540140-221,64.177.248.83,,,0,0,0,0,0.0
28.50.113.149-1761540116-481,28.50.113.149,,,0,0,0,5,0.0
109.83.112.199-1761540139-169,109.83.112.199,,,0,5,1,0,0.4
213.240.78.40-1761540114-316,213.240.78.40,,,0,5,1,0,0.4
220.12.89.58-1761540139-176,220.12.89.58,,,0,0,0,0,0.0
194.103.38.72-1761540114-270,194.103.38.72,,,0,0,0,0,0.0
174.251.53.82-1761540138-59,174.251.53.82,,,0,0,0,0,0.0
183.240.81.104-1761540138-107,183.240.81.104,,,0,5,1,0,0.4
13.21.138.63-1761540114-268,13.21.138.63,,,0,5,1,0,0.4
211.144.111.212-1761540140-216,211.144.111.212,,,0,0,0,0,0.0
154.191.38.124-1761540138-77,154.191.38.124,,,0,0,0,0,0.0
174.144.175.109-1761540112-120,174.144.175.109,,,0,5,1,5,0.4
5.88.81.27-1761540138-104,5.88.81.27,,,0,0,0,0,0.0
28.146.55.235-1761540114-256,28.146.55.235,,,0,0,0,0,0.0
94.69.120.41-1761540113-207,94.69.120.41,,,0,5,1,5,0.4
56.201.218.154-1761540116-447,56.201.218.154,,,0,5,1,5,0.4
87.165.37.5-1761540111-70,87.165.37.5,,,0,5,1,5,0.4
186.115.219.125-1761540140-252,186.115.219.125,,,0,0,0,5,0.0
89.47.60.98-1761540116-450,89.47.60.98,,,0,0,0,5,0.0
155.195.156.5-1761540113-191,155.195.156.5,,,0,0,0,0,0.0
68.230.29.208-1761540111-53,68.230.29.208,,,0,0,0,5,0.0
183.64.40.86-1761540115-358,183.64.40.86,,,0,5,1,5,0.4
127.169.102.165-1761540137-3,127.169.102.165,,,0,5,1,5,0.4
58.44.145.131-1761540113-189,58.44.145.131,,,0,5,1,5,0.4
74.174.70.163-1761540113-242,74.174.70.163,,,0,0,0,5,0.0
166.35.108.85-1761540139-147,166.35.108.85,,,0,0,0,5,0.0
25.179.177.196-1761540140-204,25.179.177.196,,,0,5,1,0,0.4
82.199.242.128-1761540115-359,82.199.242.128,,,0,5,1,5,0.4
188.219.191.168-1761540140-234,188.219.191.168,,,0,5,1,0,0.4
221.191.44.163-1761540115-337,221.191.44.163,,,0,5,1,5,0.4
66.20.162.94-1761540116-425,66.20.162.94,,,0,5,1,5,0.4
209.136.211.10-1761540137-8,209.136.211.10,,,0,5,1,5,0.4
16.130.240.83-1761540138-89,16.130.240.83,,,0,5,1,0,0.4
6.104.96.148-1761540115-366,6.104.96.148,,,0,5,1,0,0.4
61.99.246.34-1761540140-244,61.99.246.34,,,0,0,0,0,0.0
63.130.251.206-1761540116-420,63.130.251.206,,,0,5,1,0,0.4
16.14.244.228-1761540142-422,16.14.244.228,,,0,5,1,0,0.4
117.207.79.112-1761540142-353,117.207.79.112,,,0,5,1,5,0.4
16.91.3.245-1761540111-55,16.91.3.245,,,0,0,0,5,0.0
147.111.123.64-1761540139-182,147.111.123.64,,,0,0,0,0,0.0
29.234.118.142-1761540111-75,29.234.118.142,,,0,5,1,0,0.4
24.195.203.160-1761540114-318,24.195.203.160,,,0,5,1,0,0.4
82.38.158.179-1761540114-287,82.38.158.179,,,0,5,1,5,0.4
145.38.78.14-1761540113-236,145.38.78.14,,,0,5,1,5,0.4
32.238.36.61-1761540117-493,32.238.36.61,,,0,0,0,0,0.0
205.64.249.207-1761540111-30,205.64.249.207,,,0,5,1,0,0.4
37.9.211.126-1761540139-117,37.9.211.126,,,0,0,0,0,0.0
38.220.35.171-1761540113-188,38.220.35.171,,,0,5,1,0,0.4
155.191.77.224-1761540115-396,155.191.77.224,,,0,5,1,5,0.4
144.47.205.223-1761540141-318,144.47.205.223,,,0,0,0,5,0.0
119.220.200.231-1761540139-122,119.220.200.231,,,0,5,1,5,0.4
223.63.153.66-1761540139-177,223.63.153.66,,,0,0,0,5,0.0
222.2.75.175-1761540112-143,222.2.75.175,,,0,5,1,5,0.4
101.74.156.191-1761540115-361,101.74.156.191,,,0,5,1,5,0.4
175.21.43.126-1761540138-81,175.21.43.126,,,0,5,1,0,0.4
106.238.51.9-1761540141-323,106.238.51.9,,,0,5,1,5,0.4
207.146.87.46-1761540140-241,207.146.87.46,,,0,5,1,0,0.4
220.50.69.127-1761540141-335,220.50.69.127,,,0,0,0,5,0.0
85.21.229.78-1761540114-303,85.21.229.78,,,0,5,1,5,0.4
182.66.226.222-1761540137-18,182.66.226.222,,,0,5,1,5,0.4
143.106.32.238-1761540143-461,143.106.32.238,,,0,5,1,0,0.4
165.162.127.189-1761540138-68,165.162.127.189,,,0,5,1,0,0.4
193.255.14.40-1761540111-38,193.255.14.40,,,0,0,0,0,0.0
22.233.223.149-1761540111-42,22.233.223.149,,,0,5,1,5,0.4
17.61.78.40-1761540111-82,17.61.78.40,,,0,5,1,0,0.4
115.125.31.227-1761540111-25,115.125.31.227,,,0,5,1,0,0.4
41.47.131.228-1761540140-222,41.47.131.228,,,0,0,0,5,0.0
179.107.26.162-1761540115-364,179.107.26.162,,,0,0,0,5,0.0
79.66.140.199-1761540112-118,79.66.140.199,,,0,5,1,0,0.4
33.215.48.227-1761540114-278,33.215.48.227,,,0,5,1,0,0.4
179.109.98.181-1761540111-80,179.109.98.181,,,0,5,1,5,0.4
48.163.221.196-1761540142-419,48.163.221.196,,,0,5,1,5,0.4
119.142.27.45-1761540113-243,119.142.27.45,,,0,0,0,5,0.0
134.60.135.23-1761540142-418,134.60.135.23,,,0,5,1,5,0.4
113.139.61.129-1761540137-9,113.139.61.129,,,0,0,0,0,0.0
13.170.23.209-1761540141-348,13.170.23.209,,,0,5,1,5,0.4
2.47.128.166-1761540140-196,2.47.128.166,,,0,5,1,5,0.4
166.201.210.143-1761540141-288,166.201.210.143,,,0,5,1,0,0.4
11.161.194.8-1761540139-115,11.161.194.8,,,0,5,1,5,0.4
17.10.171.139-1761540112-135,17.10.171.139,,,0,5,1,5,0.4
150.87.138.55-1761540116-434,150.87.138.55,,,0,5,1,0,0.4
88.65.240.142-1761540112-150,88.65.240.142,,,0,5,1,0,0.4
136.85.104.138-1761540138-41,136.85.104.138,,,0,0,0,0,0.0
15.50.70.32-1761540139-179,15.50.70.32,,,0,0,0,0,0.0
10.48.181.204-1761540142-351,10.48.181.204,,,0,5,1,5,0.4
198.125.104.167-1761540116-416,198.125.104.167,,,0,5,1,0,0.4
115.51.189.162-1761540142-352,115.51.189.162,,,0,5,1,5,0.4
205.11.199.222-1761540139-135,205.11.199.222,,,0,0,0,0,0.0
203.71.136.26-1761540143-442,203.71.136.26,,,0,5,1,5,0.4
153.223.193.183-1761540114-299,153.223.193.183,,,0,5,1,0,0.4
199.211.66.186-1761540113-196,199.211.66.186,,,0,0,0,0,0.0
100.153.106.130-1761540140-266,100.153.106.130,,,0,0,0,0,0.0
202.48.175.254-1761540139-151,202.48.175.254,,,0,5,1,5,0.4
110.166.114.75-1761540115-392,110.166.114.75,,,0,5,1,0,0.4
164.121.131.166-1761540137-27,164.121.131.166,,,0,5,1,0,0.4
178.101.39.202-1761540111-81,178.101.39.202,,,0,5,1,0,0.4
180.159.43.117-1761540143-479,180.159.43.117,,,0,5,1,0,0.4
178.69.253.44-1761540140-259,178.69.253.44,,,0,5,1,5,0.4
78.190.207.160-1761540111-54,78.190.207.160,,,0,0,0,0,0.0
208.128.45.97-1761540113-210,208.128.45.97,,,0,5,1,0,0.4
211.230.81.78-1761540116-472,211.230.81.78,,,0,0,0,5,0.0
182.181.206.75-1761540142-359,182.181.206.75,,,0,0,0,0,0.0
175.245.107.113-1761540113-180,175.245.107.113,,,0,5,1,5,0.4
104.96.65.235-1761540115-332,104.96.65.235,,,0,0,0,0,0.0
23.176.138.252-1761540115-395,23.176.138.252,,,0,5,1,5,0.4
190.227.75.122-1761540111-61,190.227.75.122,,,0,5,1,0,0.4
70.184.121.158-1761540116-477,70.184.121.158,,,0,5,1,5,0.4
3.97.61.169-1761540143-453,3.97.61.169,,,0,5,1,5,0.4
192.142.133.224-1761540116-422,192.142.133.224,,,0,5,1,0,0.4
209.64.39.80-1761540111-72,209.64.39.80,,,0,5,1,5,0.4
79.175.16.228-1761540111-33,79.175.16.228,,,0,0,0,0,0.0
36.30.167.112-1761540141-290,36.30.167.112,,,0,5,1,0,0.4
17.56.142.232-1761540115-381,17.56.142.232,,,0,5,1,0,0.4
216.57.207.252-1761540140-268,216.57.207.252,,,0,5,1,0,0.4
207.185.29.142-1761540111-28,207.185.29.142,,,0,5,1,5,0.4
185.184.92.183-1761540139-133,185.184.92.183,,,0,5,1,0,0.4
110.80.19.1-1761540115-370,110.80.19.1,,,0,5,1,0,0.4
89.196.126.145-1761540143-467,89.196.126.145,,,0,5,1,0,0.4
11.121.166.241-1761540112-107,11.121.166.241,,,0,5,1,5,0.4
59.118.186.17-1761540116-438,59.118.186.17,,,0,0,0,0,0.0
144.188.233.68-1761540115-348,144.188.233.68,,,0,5,1,5,0.4
16.237.59.94-1761540143-486,16.237.59.94,,,0,0,0,0,0.0
39.254.71.214-1761540113-217,39.254.71.214,,,0,0,0,0,0.0
53.5.84.139-1761540141-275,53.5.84.139,,,0,5,1,0,0.4
155.77.245.64-1761540142-392,155.77.245.64,,,0,0,0,0,0.0
65.25.117.179-1761540113-170,65.25.117.179,,,0,0,0,0,0.0
185.27.141.86-1761540111-22,185.27.141.86,,,0,0,0,0,0.0
191.123.42.39-1761540115-372,191.123.42.39,,,0,0,0,0,0.0
36.174.240.130-1761540141-308,36.174.240.130,,,0,5,1,0,0.4
219.136.107.105-1761540140-251,219.136.107.105,,,0,0,0,5,0.0
189.80.78.26-1761540143-469,189.80.78.26,,,0,5,1,0,0.4
196.85.97.11-1761540114-319,196.85.97.11,,,0,5,1,0,0.4
201.118.43.226-1761540138-50,201.118.43.226,,,0,0,0,0,0.0
125.136.53.245-1761540143-488,125.136.53.245,,,0,5,1,0,0.4
216.163.66.93-1761540116-482,216.163.66.93,,,0,5,1,0,0.4
147.135.157.175-1761540111-20,147.135.157.175,,,0,5,1,5,0.4
77.55.61.31-1761540140-250,77.55.61.31,,,0,0,0,5,0.0
189.58.99.240-1761540142-378,189.58.99.240,,,0,5,1,0,0.4
19.37.248.84-1761540116-462,19.37.248.84,,,0,0,0,0,0.0
166.155.52.60-1761540114-306,166.155.52.60,,,0,5,1,5,0.4
22.152.107.71-1761540113-181,22.152.107.71,,,0,5,1,0,0.4
207.201.234.109-1761540112-103,207.201.234.109,,,0,0,0,0,0.0
1.52.2.198-1761540115-342,1.52.2.198,,,0,0,0,0,0.0
73.192.13.192-1761540139-174,73.192.13.192,,,0,5,1,5,0.4
94.115.130.159-1761540114-254,94.115.130.159,,,0,0,0,0,0.0
11.72.204.95-1761540112-151,11.72.204.95,,,0,5,1,5,0.4
108.176.75.75-1761540140-261,108.176.75.75,,,0,5,1,5,0.4
182.252.177.36-1761540138-80,182.252.177.36,,,0,5,1,5,0.4
220.154.119.174-1761540112-130,220.154.119.174,,,0,5,1,0,0.4
125.242.219.63-1761540110-13,125.242.219.63,,,0,0,0,0,0.0
218.228.195.73-1761540137-15,218.228.195.73,,,0,5,1,5,0.4
65.42.54.43-1761540142-367,65.42.54.43,,,0,0,0,5,0.0
37.137.218.106-1761540112-126,37.137.218.106,,,0,5,1,5,0.4
150.153.23.178-1761540113-229,150.153.23.178,,,0,5,1,0,0.4
29.137.172.249-1761540138-95,29.137.172.249,,,0,5,1,5,0.4
62.119.156.117-1761540115-403,62.119.156.117,,,0,0,0,0,0.0
165.110.123.126-1761540111-58,165.110.123.126,,,0,5,1,5,0.4
130.219.147.28-1761540112-144,130.219.147.28,,,0,5,1,0,0.4
212.128.204.54-1761540139-119,212.128.204.54,,,0,0,0,0,0.0
196.129.141.50-1761540140-217,196.129.141.50,,,0,5,1,0,0.4
5.81.147.116-1761540114-321,5.81.147.116,,,0,5,1,5,0.4
148.36.152.36-1761540142-358,148.36.152.36,,,0,5,1,5,0.4
39.166.116.162-1761540115-325,39.166.116.162,,,0,0,0,0,0.0
73.191.96.111-1761540138-79,73.191.96.111,,,0,5,1,0,0.4
137.15.12.170-1761540115-399,137.15.12.170,,,0,5,1,0,0.4
106.234.235.90-1761540112-162,106.234.235.90,,,0,0,0,0,0.0
132.153.193.141-1761540140-200,132.153.193.141,,,0,5,1,0,0.4
153.168.186.30-1761540139-140,153.168.186.30,,,0,0,0,5,0.0
55.108.218.115-1761540143-487,55.108.218.115,,,0,0,0,0,0.0
23.59.63.64-1761540140-254,23.59.63.64,,,0,0,0,0,0.0
211.232.230.225-1761540140-239,211.232.230.225,,,0,0,0,0,0.0
134.89.74.14-1761540115-333,134.89.74.14,,,0,0,0,5,0.0
80.127.37.153-1761540115-362,80.127.37.153,,,0,5,1,0,0.4
180.69.233.221-1761540115-377,180.69.233.221,,,0,0,0,0,0.0
211.152.233.194-1761540143-472,211.152.233.194,,,0,0,0,0,0.0
74.99.71.186-1761540115-330,74.99.71.186,,,0,0,0,0,0.0
167.195.118.160-1761540143-474,167.195.118.160,,,0,0,0,0,0.0
4.84.45.196-1761540113-206,4.84.45.196,,,0,0,0,0,0.0
198.150.123.227-1761540137-12,198.150.123.227,,,0,5,1,5,0.4
157.135.120.223-1761540138-44,157.135.120.223,,,0,0,0,0,0.0
22.10.73.189-1761540141-303,22.10.73.189,,,0,0,0,0,0.0
150.145.15.130-1761540143-473,150.145.15.130,,,0,0,0,0,0.0
103.60.228.60-1761540142-361,103.60.228.60,,,0,5,1,0,0.4
165.214.216.149-1761540114-272,165.214.216.149,,,0,0,0,0,0.0
116.120.68.228-1761540113-178,116.120.68.228,,,0,0,0,0,0.0
13.164.184.82-1761540113-230,13.164.184.82,,,0,5,1,5,0.4
47.81.38.69-1761540141-328,47.81.38.69,,,0,0,0,0,0.0
64.187.16.59-1761540112-131,64.187.16.59,,,0,0,0,0,0.0
108.239.80.33-1761540112-104,108.239.80.33,,,0,5,1,0,0.4
184.117.239.222-1761540113-171,184.117.239.222,,,0,0,0,0,0.0
152.69.215.5-1761540112-102,152.69.215.5,,,0,0,0,0,0.0
20.185.87.142-1761540143-485,20.185.87.142,,,0,0,0,0,0.0
87.205.255.89-1761540140-249,87.205.255.89,,,0,5,1,0,0.4
44.221.44.121-1761540141-296,44.221.44.121,,,0,0,0,5,0.0
220.135.45.207-1761540143-494,220.135.45.207,,,0,5,1,0,0.4
98.77.13.121-1761540115-331,98.77.13.121,,,0,5,1,5,0.4
213.252.206.7-1761540115-375,213.252.206.7,,,0,5,1,0,0.4
30.121.59.205-1761540140-258,30.121.59.205,,,0,0,0,0,0.0
143.98.98.38-1761540116-436,143.98.98.38,,,0,5,1,0,0.4
218.177.96.159-1761540115-353,218.177.96.159,,,0,5,1,0,0.4
61.179.188.4-1761540112-110,61.179.188.4,,,0,0,0,5,0.0
218.130.161.2-1761540138-105,218.130.161.2,,,0,5,1,0,0.4
152.141.18.57-1761540116-433,152.141.18.57,,,0,5,1,5,0.4
159.69.153.252-1761540117-494,159.69.153.252,,,0,0,0,0,0.0
91.204.158.196-1761540139-157,91.204.158.196,,,0,0,0,0,0.0
92.245.99.10-1761540112-132,92.245.99.10,,,0,0,0,5,0.0
150.95.5.167-1761540142-410,150.95.5.167,,,0,0,0,0,0.0
166.30.81.52-1761540115-356,166.30.81.52,,,0,5,1,5,0.4
192.209.220.23-1761540112-109,192.209.220.23,,,0,0,0,0,0.0
156.129.91.219-1761540139-180,156.129.91.219,,,0,5,1,0,0.4
211.183.198.212-1761540139-184,211.183.198.212,,,0,5,1,5,0.4
88.58.87.36-1761540138-43,88.58.87.36,,,0,5,1,5,0.4
22.123.160.53-1761540143-458,22.123.160.53,,,0,5,1,0,0.4
84.67.204.3-1761540143-444,84.67.204.3,,,0,0,0,0,0.0
223.79.249.230-1761540116-448,223.79.249.230,,,0,5,1,0,0.4
83.198.165.78-1761540111-29,83.198.165.78,,,0,5,1,0,0.4
76.234.7.89-1761540115-336,76.234.7.89,,,0,0,0,0,0.0
153.25.51.184-1761540112-159,153.25.51.184,,,0,5,1,5,0.4
44.178.83.151-1761540140-247,44.178.83.151,,,0,5,1,5,0.4
13.49.77.170-1761540140-219,13.49.77.170,,,0,5,1,0,0.4
23.10.91.76-1761540115-334,23.10.91.76,,,0,5,1,0,0.4
170.204.63.64-1761540140-256,170.204.63.64,,,0,0,0,0,0.0
55.13.157.193-1761540142-405,55.13.157.193,,,0,0,0,0,0.0
142.33.252.166-1761540142-408,142.33.252.166,,,0,5,1,5,0.4
74.240.149.112-1761540117-485,74.240.149.112,,,0,0,0,0,0.0
149.61.190.153-1761540114-262,149.61.190.153,,,0,5,1,0,0.4
157.142.172.188-1761540143-483,157.142.172.188,,,0,5,1,5,0.4
139.9.177.226-1761540110-5,139.9.177.226,,,0,5,1,0,0.4
81.29.111.51-1761540141-314,81.29.111.51,,,0,5,1,0,0.4
55.1.158.92-1761540113-239,55.1.158.92,,,0,5,1,0,0.4
181.26.119.27-1761540114-296,181.26.119.27,,,0,0,0,0,0.0
123.45.115.78-1761540113-216,123.45.115.78,,,0,0,0,0,0.0
135.67.11.81-1761540142-379,135.67.11.81,,,0,5,1,0,0.4
101.117.172.218-1761540140-245,101.117.172.218,,,0,5,1,0,0.4
217.84.134.74-1761540116-460,217.84.134.74,,,0,0,0,0,0.0
20.25.11.246-1761540138-85,20.25.11.246,,,0,5,1,0,0.4
13.112.161.248-1761540140-260,13.112.161.248,,,0,5,1,0,0.4
92.241.170.148-1761540138-103,92.241.170.148,,,0,5,1,0,0.4
37.57.235.243-1761540111-35,37.57.235.243,,,0,5,1,5,0.4
164.50.216.253-1761540117-496,164.50.216.253,,,0,0,0,0,0.0
192.54.137.128-1761540115-394,192.54.137.128,,,0,0,0,0,0.0
108.248.53.154-1761540140-262,108.248.53.154,,,0,5,1,0,0.4
93.93.23.208-1761540142-384,93.93.23.208,,,0,5,1,5,0.4
154.20.236.181-1761540141-293,154.20.236.181,,,0,5,1,0,0.4
216.174.71.122-1761540137-5,216.174.71.122,,,0,5,1,0,0.4
155.151.128.53-1761540116-451,155.151.128.53,,,0,0,0,0,0.0
187.57.183.48-1761540115-402,187.57.183.48,,,0,5,1,0,0.4
29.63.5.49-1761540138-48,29.63.5.49,,,0,0,0,5,0.0
183.81.71.35-1761540114-314,183.81.71.35,,,0,5,1,0,0.4
140.208.106.184-1761540141-300,140.208.106.184,,,0,5,1,5,0.4
120.192.166.222-1761540114-295,120.192.166.222,,,0,0,0,0,0.0
180.165.67.119-1761540138-82,180.165.67.119,,,0,5,1,0,0.4
141.63.78.3-1761540115-350,141.63.78.3,,,0,0,0,0,0.0
109.175.247.9-1761540113-228,109.175.247.9,,,0,5,1,5,0.4
72.120.38.194-1761540114-282,72.120.38.194,,,0,5,1,5,0.4
212.239.49.248-1761540113-182,212.239.49.248,,,0,0,0,0,0.0
135.22.220.69-1761540141-289,135.22.220.69,,,0,5,1,0,0.4
193.223.227.198-1761540113-204,193.223.227.198,,,0,5,1,0,0.4
123.163.176.61-1761540115-343,123.163.176.61,,,0,5,1,0,0.4
203.24.215.11-1761540112-119,203.24.215.11,,,0,5,1,0,0.4
147.113.192.224-1761540141-291,147.113.192.224,,,0,0,0,5,0.0
82.189.161.63-1761540114-310,82.189.161.63,,,0,5,1,0,0.4
22.12.125.158-1761540138-114,22.12.125.158,,,0,5,1,5,0.4
180.65.83.37-1761540112-114,180.65.83.37,,,0,0,0,5,0.0
101.90.185.143-1761540138-112,101.90.185.143,,,0,0,0,5,0.0
160.101.208.57-1761540115-373,160.101.208.57,,,0,0,0,0,0.0
1.182.112.221-1761540141-283,1.182.112.221,,,0,0,0,0,0.0
163.217.199.10-1761540112-121,163.217.199.10,,,0,5,1,5,0.4
97.49.2.221-1761540112-128,97.49.2.221,,,0,5,1,0,0.4
13.219.133.219-1761540138-106,13.219.133.219,,,0,0,0,0,0.0
109.47.176.229-1761540112-117,109.47.176.229,,,0,0,0,0,0.0
131.228.33.50-1761540114-276,131.228.33.50,,,0,5,1,0,0.4
163.39.7.32-1761540116-479,163.39.7.32,,,0,5,1,0,0.4
76.114.28.158-1761540115-368,76.114.28.158,,,0,0,0,0,0.0
124.237.74.28-1761540139-131,124.237.74.28,,,0,5,1,5,0.4
144.67.76.157-1761540137-29,144.67.76.157,,,0,0,0,0,0.0
164.8.43.233-1761540141-278,164.8.43.233,,,0,0,0,0,0.0
30.212.17.158-1761540140-220,30.212.17.158,,,0,5,1,5,0.4
15.212.25.135-1761540137-35,15.212.25.135,,,0,5,1,0,0.4
89.0.68.125-1761540143-475,89.0.68.125,,,0,0,0,0,0.0
216.108.29.216-1761540139-138,216.108.29.216,,,0,5,1,0,0.4
109.41.32.189-1761540138-65,109.41.32.189,,,0,5,1,0,0.4
102.153.12.234-1761540143-500,102.153.12.234,,,0,5,1,0,0.4
26.65.36.18-1761540114-290,26.65.36.18,,,0,0,0,0,0.0
113.87.198.220-1761540112-105,113.87.198.220,,,0,0,0,0,0.0
186.209.132.34-1761540142-357,186.209.132.34,,,0,5,1,5,0.4
142.58.3.106-1761540139-129,142.58.3.106,,,0,5,1,0,0.4
23.21.188.240-1761540142-354,23.21.188.240,,,0,0,0,5,0.0
214.191.33.75-1761540139-146,214.191.33.75,,,0,0,0,0,0.0
155.139.91.30-1761540140-231,155.139.91.30,,,0,0,0,0,0.0
60.103.215.209-1761540112-125,60.103.215.209,,,0,5,1,5,0.4
152.59.51.248-1761540113-169,152.59.51.248,,,0,5,1,0,0.4
39.53.250.44-1761540111-69,39.53.250.44,,,0,0,0,0,0.0
159.152.136.207-1761540115-371,159.152.136.207,,,0,0,0,0,0.0
157.228.194.152-1761540116-444,157.228.194.152,,,0,5,1,0,0.4
131.1.205.221-1761540139-186,131.1.205.221,,,0,5,1,5,0.4
6.208.87.101-1761540139-149,6.208.87.101,,,0,0,0,0,0.0
212.221.172.111-1761540112-138,212.221.172.111,,,0,0,0,0,0.0
86.235.67.49-1761540143-429,86.235.67.49,,,0,5,1,5,0.4
37.0.61.197-1761540113-227,37.0.61.197,,,0,5,1,0,0.4
213.12.9.200-1761540143-454,213.12.9.200,,,0,0,0,0,0.0
222.244.5.72-1761540113-197,222.244.5.72,,,0,5,1,0,0.4
167.206.18.64-1761540138-58,167.206.18.64,,,0,0,0,0,0.0
125.179.237.114-1761540111-67,125.179.237.114,,,0,0,0,5,0.0
193.134.28.130-1761540138-110,193.134.28.130,,,0,0,0,0,0.0
171.100.164.17-1761540116-431,171.100.164.17,,,0,5,1,5,0.4
192.254.107.67-1761540115-389,192.254.107.67,,,0,0,0,0,0.0
28.161.205.152-1761540140-223,28.161.205.152,,,0,5,1,5,0.4
143.107.26.135-1761540111-51,143.107.26.135,,,0,0,0,0,0.0
11.68.173.73-1761540140-197,11.68.173.73,,,0,5,1,0,0.4
162.69.73.46-1761540114-289,162.69.73.46,,,0,0,0,0,0.0
28.144.238.118-1761540114-302,28.144.238.118,,,0,5,1,5,0.4
104.141.103.113-1761540142-355,104.141.103.113,,,0,0,0,0,0.0
29.145.99.62-1761540142-374,29.145.99.62,,,0,0,0,0,0.0
2.242.140.237-1761540143-432,2.242.140.237,,,0,0,0,0,0.0
164.10.97.102-1761540116-476,164.10.97.102,,,0,0,0,0,0.0
56.96.7.51-1761540139-175,56.96.7.51,,,0,5,1,0,0.4
180.20.113.218-1761540111-32,180.20.113.218,,,0,5,1,0,0.4
206.78.122.85-1761540113-220,206.78.122.85,,,0,0,0,0,0.0
141.83.232.85-1761540139-168,141.83.232.85,,,0,0,0,0,0.0
62.110.75.99-1761540115-351,62.110.75.99,,,0,5,1,5,0.4
221.98.147.24-1761540141-298,221.98.147.24,,,0,0,0,0,0.0
64.198.97.83-1761540116-453,64.198.97.83,,,0,5,1,5,0.4
27.146.151.45-1761540140-243,27.146.151.45,,,0,5,1,5,0.4
64.136.213.243-1761540112-96,64.136.213.243,,,0,0,0,5,0.0
108.40.19.237-1761540143-462,108.40.19.237,,,0,5,1,0,0.4
211.230.177.7-1761540143-460,211.230.177.7,,,0,5,1,0,0.4
25.195.44.28-1761540139-136,25.195.44.28,,,0,0,0,0,0.0
143.153.249.144-1761540142-383,143.153.249.144,,,0,5,1,5,0.4
22.108.243.104-1761540112-95,22.108.243.104,,,0,0,0,0,0.0
153.143.3.20-1761540141-343,153.143.3.20,,,0,5,1,5,0.4
6907893c2ecc663c58c04946,1.2.3.4,,,0,0,0,0,0.0
69078babbbad5cfa0ffd8e47,1.2.3.4,,,0,0,0,0,0.0
6909c315d0d46a91e746586e,1.2.3.4,,,0,0,0,0,0.0
690ae50e476b5135299f499e,1.2.3.4,,,0,0,0,0,0.0
